{"cameraMode":{"drawMode":0,"name":"Shaded","section":"Shading Mode"},"sceneLighting":true,"audioPlay":false,"sceneViewState":{"m_AlwaysRefresh":false,"showFog":true,"showSkybox":true,"showFlares":true,"showImageEffects":true,"showParticleSystems":true,"showVisualEffectGraphs":true,"m_FxEnabled":true},"in2DMode":false,"pivot":{"x":6.547997951507568,"y":1.9348061084747315,"z":-2.084601402282715},"rotation":{"x":-0.0013992015738040209,"y":-0.48686790466308596,"z":-0.0007800367893651128,"w":0.8734764456748962},"size":1.6365667581558228,"orthographic":false}