{"cameraMode":{"drawMode":0,"name":"Shaded","section":"Shading Mode"},"sceneLighting":true,"audioPlay":false,"sceneViewState":{"m_AlwaysRefresh":false,"showFog":true,"showSkybox":true,"showFlares":true,"showImageEffects":true,"showParticleSystems":true,"showVisualEffectGraphs":true,"m_FxEnabled":true},"in2DMode":false,"pivot":{"x":6.677334308624268,"y":2.023866653442383,"z":-1.8739895820617676},"rotation":{"x":0.03849640116095543,"y":0.1735752820968628,"z":0.006795477122068405,"w":-0.9840520620346069},"size":1.6365666389465333,"orthographic":false}