{"cameraMode":{"drawMode":0,"name":"Shaded","section":"Shading Mode"},"sceneLighting":true,"audioPlay":false,"sceneViewState":{"m_AlwaysRefresh":false,"showFog":true,"showSkybox":true,"showFlares":true,"showImageEffects":true,"showParticleSystems":true,"showVisualEffectGraphs":true,"m_FxEnabled":true},"in2DMode":false,"pivot":{"x":2.6238415241241457,"y":1.5811004638671876,"z":2.5299999713897707},"rotation":{"x":-0.24519944190979005,"y":0.07591868191957474,"z":-0.019291093572974206,"w":-0.9663345217704773},"size":4.909563064575195,"orthographic":false}