{"cameraMode":{"drawMode":0,"name":"Shaded","section":"Shading Mode"},"sceneLighting":false,"audioPlay":false,"sceneViewState":{"m_AlwaysRefresh":false,"showFog":true,"showSkybox":false,"showFlares":true,"showImageEffects":true,"showParticleSystems":true,"showVisualEffectGraphs":true,"m_FxEnabled":true},"in2DMode":false,"pivot":{"x":0.6107316017150879,"y":0.8755409121513367,"z":0.21219369769096375},"rotation":{"x":-0.017157860100269319,"y":-0.7393812537193298,"z":-0.01886138506233692,"w":0.6728154420852661},"size":0.299692839384079,"orthographic":false}