{"cameraMode":{"drawMode":0,"name":"Shaded","section":"Shading Mode"},"sceneLighting":false,"audioPlay":false,"sceneViewState":{"m_AlwaysRefresh":false,"showFog":true,"showSkybox":false,"showFlares":true,"showImageEffects":true,"showParticleSystems":true,"showVisualEffectGraphs":true,"m_FxEnabled":true},"in2DMode":false,"pivot":{"x":-0.0031984150409698488,"y":0.19418200850486756,"z":-0.0007628370076417923},"rotation":{"x":0.13118554651737214,"y":0.34649112820625307,"z":-0.049006905406713489,"w":0.9275630116462708},"size":0.41054099798202517,"orthographic":false}