{"cameraMode":{"drawMode":0,"name":"Shaded","section":"Shading Mode"},"sceneLighting":false,"audioPlay":false,"sceneViewState":{"m_AlwaysRefresh":false,"showFog":true,"showSkybox":false,"showFlares":true,"showImageEffects":true,"showParticleSystems":true,"showVisualEffectGraphs":true,"m_FxEnabled":true},"in2DMode":false,"pivot":{"x":-0.0029832099098712208,"y":0.0015432033687829972,"z":0.006212985143065453},"rotation":{"x":0.018513333052396776,"y":0.8594491481781006,"z":-0.5099369287490845,"w":0.03121112287044525},"size":1.211134433746338,"orthographic":false}